https://movie.douban.com/subject/1301804/,西域枪神 Wild Bill,杰夫·布里吉斯,5.6,1995
https://movie.douban.com/subject/1301804/,西域枪神 Wild Bill,艾伦·巴金,5.6,1995
https://movie.douban.com/subject/3157583/,宙斯之子：赫拉克勒斯 Hercules,道恩·强森,5.9,2014
https://movie.douban.com/subject/3157583/,宙斯之子：赫拉克勒斯 Hercules,伊恩·麦柯肖恩,5.9,2014
https://movie.douban.com/subject/3157583/,宙斯之子：赫拉克勒斯 Hercules,卢夫斯·塞维尔,5.9,2014
https://movie.douban.com/subject/3157583/,宙斯之子：赫拉克勒斯 Hercules,阿卡塞尔·亨涅,5.9,2014
https://movie.douban.com/subject/3157583/,宙斯之子：赫拉克勒斯 Hercules,英格丽德·波尔索·贝达尔,5.9,2014
https://movie.douban.com/subject/3157583/,宙斯之子：赫拉克勒斯 Hercules,瑞斯·里奇,5.9,2014
https://movie.douban.com/subject/3157583/,宙斯之子：赫拉克勒斯 Hercules,约瑟夫·费因斯,5.9,2014
https://movie.douban.com/subject/3157583/,宙斯之子：赫拉克勒斯 Hercules,托拜厄斯·桑特尔曼,5.9,2014
https://movie.douban.com/subject/3157583/,宙斯之子：赫拉克勒斯 Hercules,彼得·穆兰,5.9,2014
https://movie.douban.com/subject/3157583/,宙斯之子：赫拉克勒斯 Hercules,丽贝卡·弗格森,5.9,2014
https://movie.douban.com/subject/3157583/,宙斯之子：赫拉克勒斯 Hercules,艾萨克·安德鲁斯,5.9,2014
https://movie.douban.com/subject/3157583/,宙斯之子：赫拉克勒斯 Hercules,乔·安德森,5.9,2014
https://movie.douban.com/subject/3157583/,宙斯之子：赫拉克勒斯 Hercules,斯蒂芬·皮科克,5.9,2014
https://movie.douban.com/subject/3157583/,宙斯之子：赫拉克勒斯 Hercules,尼古拉斯·莫斯,5.9,2014
https://movie.douban.com/subject/2049689/,魔兽战场 Outlander,吉姆·卡维泽,5.7,2008
https://movie.douban.com/subject/2049689/,魔兽战场 Outlander,索菲娅·迈尔斯,5.7,2008
https://movie.douban.com/subject/2049689/,魔兽战场 Outlander,杰克·休斯顿,5.7,2008
https://movie.douban.com/subject/2049689/,魔兽战场 Outlander,朗·普尔曼,5.7,2008
https://movie.douban.com/subject/3131599/,惊天战神 Immortals,亨利·卡维尔,5.7,2011
https://movie.douban.com/subject/3131599/,惊天战神 Immortals,米基·洛克,5.7,2011
https://movie.douban.com/subject/3131599/,惊天战神 Immortals,卢克·伊万斯,5.7,2011
https://movie.douban.com/subject/3131599/,惊天战神 Immortals,斯蒂芬·多尔夫,5.7,2011
https://movie.douban.com/subject/3131599/,惊天战神 Immortals,芙蕾达·平托,5.7,2011
https://movie.douban.com/subject/3131599/,惊天战神 Immortals,凯南·鲁兹,5.7,2011
https://movie.douban.com/subject/3131599/,惊天战神 Immortals,伊莎贝尔·卢卡斯,5.7,2011
https://movie.douban.com/subject/3131599/,惊天战神 Immortals,约瑟夫·摩根,5.7,2011
https://movie.douban.com/subject/3131599/,惊天战神 Immortals,柯里·瑟威尔,5.7,2011
https://movie.douban.com/subject/3131599/,惊天战神 Immortals,史蒂芬·麦克哈蒂,5.7,2011
https://movie.douban.com/subject/3131599/,惊天战神 Immortals,罗伯特·梅耶,5.7,2011
https://movie.douban.com/subject/3131599/,惊天战神 Immortals,彼得·斯戴宾斯,5.7,2011
https://movie.douban.com/subject/3131599/,惊天战神 Immortals,丹尼尔·沙曼,5.7,2011
https://movie.douban.com/subject/1306777/,周末大行动 The Osterman Weekend,鲁特格尔·哈尔,6.3,1983
https://movie.douban.com/subject/1306777/,周末大行动 The Osterman Weekend,格雷格·T·尼尔森,6.3,1983
https://movie.douban.com/subject/1306777/,周末大行动 The Osterman Weekend,伯特·兰卡斯特,6.3,1983
https://movie.douban.com/subject/3071441/,雪国列车 설국열차,克里斯·埃文斯,7.3,2013
https://movie.douban.com/subject/3071441/,雪国列车 설국열차,杰米·贝尔,7.3,2013
https://movie.douban.com/subject/3071441/,雪国列车 설국열차,宋康昊,7.3,2013
https://movie.douban.com/subject/3071441/,雪国列车 설국열차,蒂尔达·斯文顿,7.3,2013
https://movie.douban.com/subject/3071441/,雪国列车 설국열차,艾德·哈里斯,7.3,2013
https://movie.douban.com/subject/3071441/,雪国列车 설국열차,奥克塔维亚·斯宾瑟,7.3,2013
https://movie.douban.com/subject/3071441/,雪国列车 설국열차,艾文·布莱纳,7.3,2013
https://movie.douban.com/subject/3071441/,雪国列车 설국열차,高雅星,7.3,2013
https://movie.douban.com/subject/3071441/,雪国列车 설국열차,艾丽森·皮尔,7.3,2013
https://movie.douban.com/subject/3071441/,雪国列车 설국열차,卢克·帕斯夸尼洛,7.3,2013
https://movie.douban.com/subject/3071441/,雪国列车 설국열차,弗拉德·伊凡诺夫,7.3,2013
https://movie.douban.com/subject/1428051/,夺宝奇兵4 Indiana Jones and the Kingdom of the Crystal Skull,哈里森·福特,6.9,2008
https://movie.douban.com/subject/1428051/,夺宝奇兵4 Indiana Jones and the Kingdom of the Crystal Skull,希亚·拉博夫,6.9,2008
https://movie.douban.com/subject/1428051/,夺宝奇兵4 Indiana Jones and the Kingdom of the Crystal Skull,凯特·布兰切特,6.9,2008
https://movie.douban.com/subject/1428051/,夺宝奇兵4 Indiana Jones and the Kingdom of the Crystal Skull,凯伦·阿兰,6.9,2008
https://movie.douban.com/subject/1428051/,夺宝奇兵4 Indiana Jones and the Kingdom of the Crystal Skull,雷·温斯顿,6.9,2008
https://movie.douban.com/subject/1428051/,夺宝奇兵4 Indiana Jones and the Kingdom of the Crystal Skull,吉姆·布劳德本特,6.9,2008
https://movie.douban.com/subject/1308851/,地狱男爵 Hellboy,朗·普尔曼,6.9,2004
https://movie.douban.com/subject/1308851/,地狱男爵 Hellboy,塞尔玛·布莱尔,6.9,2004
https://movie.douban.com/subject/1308851/,地狱男爵 Hellboy,鲁珀特·伊文斯,6.9,2004
https://movie.douban.com/subject/1308851/,地狱男爵 Hellboy,卡瑞尔·罗登,6.9,2004
https://movie.douban.com/subject/1308851/,地狱男爵 Hellboy,杰弗里·塔伯,6.9,2004
https://movie.douban.com/subject/1308851/,地狱男爵 Hellboy,道格·琼斯,6.9,2004
https://movie.douban.com/subject/1308851/,地狱男爵 Hellboy,拉迪斯拉夫·伯兰,6.9,2004
https://movie.douban.com/subject/1308851/,地狱男爵 Hellboy,Biddy Hodson,6.9,2004
https://movie.douban.com/subject/1308851/,地狱男爵 Hellboy,克里·约翰逊,6.9,2004
https://movie.douban.com/subject/1308851/,地狱男爵 Hellboy,凯文·特诺,6.9,2004
https://movie.douban.com/subject/1308851/,地狱男爵 Hellboy,布莱恩·卡斯佩,6.9,2004
https://movie.douban.com/subject/1308851/,地狱男爵 Hellboy,詹姆斯·巴伯森 ,6.9,2004
https://movie.douban.com/subject/1308851/,地狱男爵 Hellboy,安格斯·麦金尼斯,6.9,2004
https://movie.douban.com/subject/1308851/,地狱男爵 Hellboy,吉姆·霍威克,6.9,2004
https://movie.douban.com/subject/1308851/,地狱男爵 Hellboy,罗里·科普斯,6.9,2004
https://movie.douban.com/subject/1309046/,V字仇杀队 V for Vendetta,娜塔莉·波特曼,8.8,2005
https://movie.douban.com/subject/1309046/,V字仇杀队 V for Vendetta,雨果·维文,8.8,2005
https://movie.douban.com/subject/1309046/,V字仇杀队 V for Vendetta,斯蒂芬·瑞,8.8,2005
https://movie.douban.com/subject/1309046/,V字仇杀队 V for Vendetta,斯蒂芬·弗雷,8.8,2005
https://movie.douban.com/subject/1309046/,V字仇杀队 V for Vendetta,蒂姆·皮戈特-史密斯,8.8,2005
https://movie.douban.com/subject/1309046/,V字仇杀队 V for Vendetta,鲁珀特·格雷夫斯,8.8,2005
https://movie.douban.com/subject/1309046/,V字仇杀队 V for Vendetta,罗杰·阿拉姆,8.8,2005
https://movie.douban.com/subject/1309046/,V字仇杀队 V for Vendetta,本·迈尔斯,8.8,2005
https://movie.douban.com/subject/1309046/,V字仇杀队 V for Vendetta,西妮德·库萨克,8.8,2005
https://movie.douban.com/subject/1309046/,V字仇杀队 V for Vendetta,娜塔莎·怀特曼,8.8,2005
https://movie.douban.com/subject/1309046/,V字仇杀队 V for Vendetta,约翰·斯坦丁,8.8,2005
https://movie.douban.com/subject/1309046/,V字仇杀队 V for Vendetta,埃迪·马森,8.8,2005
https://movie.douban.com/subject/1309046/,V字仇杀队 V for Vendetta,克里夫·阿什伯恩,8.8,2005
https://movie.douban.com/subject/1309046/,V字仇杀队 V for Vendetta,Emma Field-Rayner,8.8,2005
https://movie.douban.com/subject/1309046/,V字仇杀队 V for Vendetta,伊安·布尔费尔德,8.8,2005
https://movie.douban.com/subject/1309046/,V字仇杀队 V for Vendetta,Mark Phoenix,8.8,2005
https://movie.douban.com/subject/1309046/,V字仇杀队 V for Vendetta,Alister Mazzotti,8.8,2005
https://movie.douban.com/subject/1309046/,V字仇杀队 V for Vendetta,比莉·库克,8.8,2005
https://movie.douban.com/subject/1309046/,V字仇杀队 V for Vendetta,盖伊·亨利,8.8,2005
https://movie.douban.com/subject/1309046/,V字仇杀队 V for Vendetta,科斯马·肖,8.8,2005
https://movie.douban.com/subject/1309046/,V字仇杀队 V for Vendetta,Megan Gay,8.8,2005
https://movie.douban.com/subject/1309046/,V字仇杀队 V for Vendetta,Roderic Culver,8.8,2005
https://movie.douban.com/subject/1309046/,V字仇杀队 V for Vendetta,Tara Hacking,8.8,2005
https://movie.douban.com/subject/1309046/,V字仇杀队 V for Vendetta,安迪·莱什利兹,8.8,2005
https://movie.douban.com/subject/1309046/,V字仇杀队 V for Vendetta,查德·斯塔赫斯基,8.8,2005
https://movie.douban.com/subject/1309046/,V字仇杀队 V for Vendetta,布拉德利·斯蒂夫·福特,8.8,2005
https://movie.douban.com/subject/1309046/,V字仇杀队 V for Vendetta,Madeleine Rakic-Platt,8.8,2005
https://movie.douban.com/subject/1309046/,V字仇杀队 V for Vendetta,塞丽娜·贾尔斯,8.8,2005
https://movie.douban.com/subject/1309046/,V字仇杀队 V for Vendetta,卡斯腾·海斯,8.8,2005
https://movie.douban.com/subject/1309046/,V字仇杀队 V for Vendetta,伊莫琴·普茨,8.8,2005
https://movie.douban.com/subject/1309046/,V字仇杀队 V for Vendetta,劳拉·格林伍德,8.8,2005
https://movie.douban.com/subject/1309046/,V字仇杀队 V for Vendetta,Kyra Meyer,8.8,2005
https://movie.douban.com/subject/1309046/,V字仇杀队 V for Vendetta,玛丽·萧克莱 ,8.8,2005
https://movie.douban.com/subject/1309046/,V字仇杀队 V for Vendetta,理查德·莱恩,8.8,2005
https://movie.douban.com/subject/1309046/,V字仇杀队 V for Vendetta,Michael Simkins,8.8,2005
https://movie.douban.com/subject/1309035/,战鸽总动员 Valiant,伊万·麦克格雷格,6.6,2005
https://movie.douban.com/subject/1309035/,战鸽总动员 Valiant,蒂姆·克里,6.6,2005
https://movie.douban.com/subject/1309035/,战鸽总动员 Valiant,吉姆·布劳德本特,6.6,2005
https://movie.douban.com/subject/1293333/,赤胆豪情 Rob Roy,连姆·尼森,6.3,1995
https://movie.douban.com/subject/1293333/,赤胆豪情 Rob Roy,杰西卡·兰格,6.3,1995
https://movie.douban.com/subject/1293333/,赤胆豪情 Rob Roy,蒂姆·罗斯,6.3,1995
https://movie.douban.com/subject/1293333/,赤胆豪情 Rob Roy,埃里克·斯托尔兹,6.3,1995
https://movie.douban.com/subject/1293333/,赤胆豪情 Rob Roy,安德鲁·克尔,6.3,1995
https://movie.douban.com/subject/1293333/,赤胆豪情 Rob Roy,布莱恩·考克斯,6.3,1995
https://movie.douban.com/subject/1293333/,赤胆豪情 Rob Roy,布莱恩·麦克卡尔迭,6.3,1995
https://movie.douban.com/subject/1293333/,赤胆豪情 Rob Roy,吉力·吉尔克里斯特,6.3,1995
https://movie.douban.com/subject/1293333/,赤胆豪情 Rob Roy,杰森·弗莱明,6.3,1995
https://movie.douban.com/subject/1293333/,赤胆豪情 Rob Roy,伊万·斯图尔特,6.3,1995
https://movie.douban.com/subject/1293333/,赤胆豪情 Rob Roy,大卫·海曼,6.3,1995
https://movie.douban.com/subject/1293333/,赤胆豪情 Rob Roy,雪莉·亨德森,6.3,1995
https://movie.douban.com/subject/2051007/,哈利·波特与死亡圣器(上) Harry Potter and the Deathly Hallows: Part 1,丹尼尔·雷德克里夫,7.9,2010
https://movie.douban.com/subject/2051007/,哈利·波特与死亡圣器(上) Harry Potter and the Deathly Hallows: Part 1,艾玛·沃森,7.9,2010
https://movie.douban.com/subject/2051007/,哈利·波特与死亡圣器(上) Harry Potter and the Deathly Hallows: Part 1,鲁伯特·格林特,7.9,2010
https://movie.douban.com/subject/2051007/,哈利·波特与死亡圣器(上) Harry Potter and the Deathly Hallows: Part 1,海伦娜·伯翰·卡特,7.9,2010
https://movie.douban.com/subject/2051007/,哈利·波特与死亡圣器(上) Harry Potter and the Deathly Hallows: Part 1,拉尔夫·费因斯,7.9,2010
https://movie.douban.com/subject/2051007/,哈利·波特与死亡圣器(上) Harry Potter and the Deathly Hallows: Part 1,比尔·奈伊,7.9,2010
https://movie.douban.com/subject/2051007/,哈利·波特与死亡圣器(上) Harry Potter and the Deathly Hallows: Part 1,艾伦·瑞克曼,7.9,2010
https://movie.douban.com/subject/2051007/,哈利·波特与死亡圣器(上) Harry Potter and the Deathly Hallows: Part 1,艾美达·斯丹顿,7.9,2010
https://movie.douban.com/subject/2051007/,哈利·波特与死亡圣器(上) Harry Potter and the Deathly Hallows: Part 1,费奥纳·肖,7.9,2010
https://movie.douban.com/subject/2051007/,哈利·波特与死亡圣器(上) Harry Potter and the Deathly Hallows: Part 1,邦妮·怀特,7.9,2010
https://movie.douban.com/subject/2051007/,哈利·波特与死亡圣器(上) Harry Potter and the Deathly Hallows: Part 1,朱丽·沃特斯,7.9,2010
https://movie.douban.com/subject/2051007/,哈利·波特与死亡圣器(上) Harry Potter and the Deathly Hallows: Part 1,米歇尔·费尔利,7.9,2010
https://movie.douban.com/subject/2051007/,哈利·波特与死亡圣器(上) Harry Potter and the Deathly Hallows: Part 1,杰米·坎贝尔·鲍尔,7.9,2010
https://movie.douban.com/subject/1296344/,沃特希普高地 Watership Down,理查德·布赖尔斯,8.2,1978
https://movie.douban.com/subject/1296344/,沃特希普高地 Watership Down,迈克尔·格拉汉姆·考克斯,8.2,1978
https://movie.douban.com/subject/1296344/,沃特希普高地 Watership Down,John Bennett,8.2,1978
https://movie.douban.com/subject/1296344/,沃特希普高地 Watership Down,拉尔夫·理查德森,8.2,1978
https://movie.douban.com/subject/1296344/,沃特希普高地 Watership Down,Simon Cadell,8.2,1978
https://movie.douban.com/subject/1296344/,沃特希普高地 Watership Down,特伦斯·里格比,8.2,1978
https://movie.douban.com/subject/1296344/,沃特希普高地 Watership Down,Roy Kinnear,8.2,1978
https://movie.douban.com/subject/1296344/,沃特希普高地 Watership Down,理查德·奥卡拉汉,8.2,1978
https://movie.douban.com/subject/1296344/,沃特希普高地 Watership Down,丹霍姆·艾略特,8.2,1978
https://movie.douban.com/subject/1296344/,沃特希普高地 Watership Down,Lynn Farleigh,8.2,1978
https://movie.douban.com/subject/1296344/,沃特希普高地 Watership Down,Mary Maddox,8.2,1978
https://movie.douban.com/subject/1296344/,沃特希普高地 Watership Down,泽罗·莫斯苔,8.2,1978
https://movie.douban.com/subject/1296344/,沃特希普高地 Watership Down,Harry Andrews,8.2,1978
https://movie.douban.com/subject/1296344/,沃特希普高地 Watership Down,Hannah Gordon,8.2,1978
https://movie.douban.com/subject/1296074/,两情世界 All the Little Animals,克里斯蒂安·贝尔,8.0,1998
https://movie.douban.com/subject/1296074/,两情世界 All the Little Animals,丹尼尔·本扎利,8.0,1998
https://movie.douban.com/subject/1296074/,两情世界 All the Little Animals,詹姆斯·福克纳,8.0,1998
https://movie.douban.com/subject/3011235/,哈利·波特与死亡圣器(下) Harry Potter and the Deathly Hallows: Part 2,丹尼尔·雷德克里夫,8.7,2011
https://movie.douban.com/subject/3011235/,哈利·波特与死亡圣器(下) Harry Potter and the Deathly Hallows: Part 2,艾玛·沃森,8.7,2011
https://movie.douban.com/subject/3011235/,哈利·波特与死亡圣器(下) Harry Potter and the Deathly Hallows: Part 2,鲁伯特·格林特,8.7,2011
https://movie.douban.com/subject/3011235/,哈利·波特与死亡圣器(下) Harry Potter and the Deathly Hallows: Part 2,海伦娜·伯翰·卡特,8.7,2011
https://movie.douban.com/subject/3011235/,哈利·波特与死亡圣器(下) Harry Potter and the Deathly Hallows: Part 2,拉尔夫·费因斯,8.7,2011
https://movie.douban.com/subject/3011235/,哈利·波特与死亡圣器(下) Harry Potter and the Deathly Hallows: Part 2,艾伦·瑞克曼,8.7,2011
https://movie.douban.com/subject/3011235/,哈利·波特与死亡圣器(下) Harry Potter and the Deathly Hallows: Part 2,玛吉·史密斯,8.7,2011
https://movie.douban.com/subject/3011235/,哈利·波特与死亡圣器(下) Harry Potter and the Deathly Hallows: Part 2,汤姆·费尔顿,8.7,2011
https://movie.douban.com/subject/3011235/,哈利·波特与死亡圣器(下) Harry Potter and the Deathly Hallows: Part 2,邦妮·怀特,8.7,2011
https://movie.douban.com/subject/3011235/,哈利·波特与死亡圣器(下) Harry Potter and the Deathly Hallows: Part 2,朱丽·沃特斯,8.7,2011
https://movie.douban.com/subject/3011235/,哈利·波特与死亡圣器(下) Harry Potter and the Deathly Hallows: Part 2,迈克尔·刚本,8.7,2011
https://movie.douban.com/subject/3011235/,哈利·波特与死亡圣器(下) Harry Potter and the Deathly Hallows: Part 2,伊文娜·林奇,8.7,2011
https://movie.douban.com/subject/3011235/,哈利·波特与死亡圣器(下) Harry Potter and the Deathly Hallows: Part 2,多姆纳尔·格里森,8.7,2011
https://movie.douban.com/subject/3011235/,哈利·波特与死亡圣器(下) Harry Potter and the Deathly Hallows: Part 2,克蕾曼丝·波西,8.7,2011
https://movie.douban.com/subject/3011235/,哈利·波特与死亡圣器(下) Harry Potter and the Deathly Hallows: Part 2,詹森·艾萨克,8.7,2011
https://movie.douban.com/subject/3011235/,哈利·波特与死亡圣器(下) Harry Potter and the Deathly Hallows: Part 2,海伦·麦克洛瑞,8.7,2011
https://movie.douban.com/subject/3011235/,哈利·波特与死亡圣器(下) Harry Potter and the Deathly Hallows: Part 2,马修·刘易斯,8.7,2011
https://movie.douban.com/subject/3011235/,哈利·波特与死亡圣器(下) Harry Potter and the Deathly Hallows: Part 2,梁佩诗,8.7,2011
https://movie.douban.com/subject/3011235/,哈利·波特与死亡圣器(下) Harry Potter and the Deathly Hallows: Part 2,大卫·休里斯,8.7,2011
https://movie.douban.com/subject/3011235/,哈利·波特与死亡圣器(下) Harry Potter and the Deathly Hallows: Part 2,加里·奥德曼,8.7,2011
https://movie.douban.com/subject/3011235/,哈利·波特与死亡圣器(下) Harry Potter and the Deathly Hallows: Part 2,吉姆·布劳德本特,8.7,2011
https://movie.douban.com/subject/3011235/,哈利·波特与死亡圣器(下) Harry Potter and the Deathly Hallows: Part 2,艾玛·汤普森,8.7,2011
https://movie.douban.com/subject/3011235/,哈利·波特与死亡圣器(下) Harry Potter and the Deathly Hallows: Part 2,娜塔丽·特纳,8.7,2011
https://movie.douban.com/subject/3011235/,哈利·波特与死亡圣器(下) Harry Potter and the Deathly Hallows: Part 2,蒂莫西·斯波,8.7,2011
https://movie.douban.com/subject/3011235/,哈利·波特与死亡圣器(下) Harry Potter and the Deathly Hallows: Part 2,大卫·布拉德利,8.7,2011
https://movie.douban.com/subject/3011235/,哈利·波特与死亡圣器(下) Harry Potter and the Deathly Hallows: Part 2,罗彼·考特拉尼,8.7,2011
https://movie.douban.com/subject/3011235/,哈利·波特与死亡圣器(下) Harry Potter and the Deathly Hallows: Part 2,凯莉·麦克唐纳,8.7,2011
https://movie.douban.com/subject/3011235/,哈利·波特与死亡圣器(下) Harry Potter and the Deathly Hallows: Part 2,塞伦·希德,8.7,2011
https://movie.douban.com/subject/1307508/,指环王 The Lord of the Rings,Christopher Guard,8.7,1978
https://movie.douban.com/subject/1307508/,指环王 The Lord of the Rings,威廉·斯夸尔,8.7,1978
https://movie.douban.com/subject/1307508/,指环王 The Lord of the Rings,Michael Scholes,8.7,1978
https://movie.douban.com/subject/1307508/,指环王 The Lord of the Rings,Norman Bird,8.7,1978
https://movie.douban.com/subject/1295038/,哈利·波特与魔法石 Harry Potter and the Sorcerer's Stone,丹尼尔·雷德克里夫,8.7,2001
https://movie.douban.com/subject/1295038/,哈利·波特与魔法石 Harry Potter and the Sorcerer's Stone,艾玛·沃森,8.7,2001
https://movie.douban.com/subject/1295038/,哈利·波特与魔法石 Harry Potter and the Sorcerer's Stone,鲁伯特·格林特,8.7,2001
https://movie.douban.com/subject/1295038/,哈利·波特与魔法石 Harry Potter and the Sorcerer's Stone,艾伦·瑞克曼,8.7,2001
https://movie.douban.com/subject/1295038/,哈利·波特与魔法石 Harry Potter and the Sorcerer's Stone,玛吉·史密斯,8.7,2001
https://movie.douban.com/subject/1295038/,哈利·波特与魔法石 Harry Potter and the Sorcerer's Stone,汤姆·费尔顿,8.7,2001
https://movie.douban.com/subject/1295038/,哈利·波特与魔法石 Harry Potter and the Sorcerer's Stone,伊恩·哈特,8.7,2001
https://movie.douban.com/subject/1295038/,哈利·波特与魔法石 Harry Potter and the Sorcerer's Stone,理查德·哈里斯,8.7,2001
https://movie.douban.com/subject/1295038/,哈利·波特与魔法石 Harry Potter and the Sorcerer's Stone,罗彼·考特拉尼,8.7,2001
https://movie.douban.com/subject/1295038/,哈利·波特与魔法石 Harry Potter and the Sorcerer's Stone,朱丽·沃特斯,8.7,2001
https://movie.douban.com/subject/1295038/,哈利·波特与魔法石 Harry Potter and the Sorcerer's Stone,邦妮·怀特,8.7,2001
https://movie.douban.com/subject/1295038/,哈利·波特与魔法石 Harry Potter and the Sorcerer's Stone,约翰·克立斯,8.7,2001
https://movie.douban.com/subject/1295038/,哈利·波特与魔法石 Harry Potter and the Sorcerer's Stone,肖恩·比格斯代夫,8.7,2001
https://movie.douban.com/subject/4849728/,第一夫人 Jackie,娜塔莉·波特曼,6.6,2016
https://movie.douban.com/subject/4849728/,第一夫人 Jackie,彼得·萨斯加德,6.6,2016
https://movie.douban.com/subject/4849728/,第一夫人 Jackie,格蕾塔·葛韦格,6.6,2016
https://movie.douban.com/subject/4849728/,第一夫人 Jackie,比利·克鲁德普,6.6,2016
https://movie.douban.com/subject/4849728/,第一夫人 Jackie,理查德·E·格兰特,6.6,2016
https://movie.douban.com/subject/4849728/,第一夫人 Jackie,卡斯珀·菲利普森,6.6,2016
https://movie.douban.com/subject/4849728/,第一夫人 Jackie,贝丝·格兰特,6.6,2016
https://movie.douban.com/subject/4849728/,第一夫人 Jackie,约翰·卡洛·林奇,6.6,2016
https://movie.douban.com/subject/4849728/,第一夫人 Jackie,马克斯·凯塞拉,6.6,2016
https://movie.douban.com/subject/4849728/,第一夫人 Jackie,萨拉·维哈根,6.6,2016
https://movie.douban.com/subject/4849728/,第一夫人 Jackie,海伦·库恩,6.6,2016
https://movie.douban.com/subject/4849728/,第一夫人 Jackie,黛博拉·芬德莱,6.6,2016
https://movie.douban.com/subject/4849728/,第一夫人 Jackie,克里·约翰逊,6.6,2016
https://movie.douban.com/subject/4849728/,第一夫人 Jackie,艾登·奥黑尔,6.6,2016
https://movie.douban.com/subject/1296827/,午夜快车 Midnight Express,布拉德·戴维斯,7.8,1978
https://movie.douban.com/subject/1296827/,午夜快车 Midnight Express,艾琳·米拉科,7.8,1978
https://movie.douban.com/subject/1296827/,午夜快车 Midnight Express,博·霍普金斯,7.8,1978
https://movie.douban.com/subject/1296827/,午夜快车 Midnight Express,保罗·博纳切利,7.8,1978
https://movie.douban.com/subject/1296260/,日月精忠 A Man for All Seasons,保罗·斯科菲尔德,7.8,1966
https://movie.douban.com/subject/1296260/,日月精忠 A Man for All Seasons,温蒂·希勒,7.8,1966
https://movie.douban.com/subject/1296260/,日月精忠 A Man for All Seasons,莱奥·麦凯恩,7.8,1966
https://movie.douban.com/subject/1296260/,日月精忠 A Man for All Seasons,罗伯特·肖,7.8,1966
https://movie.douban.com/subject/1296260/,日月精忠 A Man for All Seasons,奥逊·威尔斯,7.8,1966
https://movie.douban.com/subject/1296260/,日月精忠 A Man for All Seasons,苏珊娜·约克,7.8,1966
https://movie.douban.com/subject/1296260/,日月精忠 A Man for All Seasons,奈杰尔·达文波特,7.8,1966
https://movie.douban.com/subject/1296260/,日月精忠 A Man for All Seasons,科林·雷德格瑞夫,7.8,1966
https://movie.douban.com/subject/1296260/,日月精忠 A Man for All Seasons,科林·布莱克利,7.8,1966
https://movie.douban.com/subject/1296260/,日月精忠 A Man for All Seasons,西里尔·勒克姆,7.8,1966
https://movie.douban.com/subject/1296260/,日月精忠 A Man for All Seasons,杰克·格威利姆,7.8,1966
https://movie.douban.com/subject/1296260/,日月精忠 A Man for All Seasons,托马斯·希思科特,7.8,1966
https://movie.douban.com/subject/1296260/,日月精忠 A Man for All Seasons,尤塔·乔伊丝,7.8,1966
https://movie.douban.com/subject/1296260/,日月精忠 A Man for All Seasons,安东尼·尼科尔斯,7.8,1966
https://movie.douban.com/subject/1303515/,瑞灵顿街10号 10 Rillington Place,理查德·阿滕伯勒,7.0,1971
https://movie.douban.com/subject/1303515/,瑞灵顿街10号 10 Rillington Place,朱迪·吉森,7.0,1971
https://movie.douban.com/subject/1807497/,裸体公仆 The Naked Civil Servant,利兹·霍吉,8.3,1975
https://movie.douban.com/subject/1807497/,裸体公仆 The Naked Civil Servant,派翠西亚·霍吉,8.3,1975
https://movie.douban.com/subject/3123581/,三岛由纪夫奇闻 The Strange Case of Yukio Mishima,三岛由纪夫,8.3,1985
https://movie.douban.com/subject/3123581/,三岛由纪夫奇闻 The Strange Case of Yukio Mishima,川端康成,8.3,1985
https://movie.douban.com/subject/3123581/,三岛由纪夫奇闻 The Strange Case of Yukio Mishima,昭和天皇,8.3,1985
https://movie.douban.com/subject/3123581/,三岛由纪夫奇闻 The Strange Case of Yukio Mishima,Donald Keene,8.3,1985
https://movie.douban.com/subject/3123581/,三岛由纪夫奇闻 The Strange Case of Yukio Mishima,美轮明宏,8.3,1985
https://movie.douban.com/subject/1293200/,象人 The Elephant Man,安东尼·霍普金斯,8.1,1980
https://movie.douban.com/subject/1293200/,象人 The Elephant Man,安妮·班克罗夫特,8.1,1980
https://movie.douban.com/subject/1293200/,象人 The Elephant Man,约翰·吉尔古德,8.1,1980
https://movie.douban.com/subject/1293200/,象人 The Elephant Man,温蒂·希勒,8.1,1980
https://movie.douban.com/subject/1293200/,象人 The Elephant Man,弗雷迪·琼斯,8.1,1980
https://movie.douban.com/subject/1293200/,象人 The Elephant Man,迈克尔·埃尔菲克,8.1,1980
https://movie.douban.com/subject/1293200/,象人 The Elephant Man,汉娜·高登,8.1,1980
https://movie.douban.com/subject/1293200/,象人 The Elephant Man,海伦·瑞安,8.1,1980
https://movie.douban.com/subject/1293200/,象人 The Elephant Man,约翰·斯坦丁,8.1,1980
https://movie.douban.com/subject/1293200/,象人 The Elephant Man,德克斯特·弗莱彻,8.1,1980
https://movie.douban.com/subject/1293200/,象人 The Elephant Man,莱斯莉·邓禄普,8.1,1980
https://movie.douban.com/subject/1293200/,象人 The Elephant Man,菲比·尼克尔斯,8.1,1980
https://movie.douban.com/subject/1469497/,凡高的生与死 Vincent,Marika Rivera,8.0,1987
https://movie.douban.com/subject/1469497/,凡高的生与死 Vincent,Gabriella Trsek,8.0,1987
https://movie.douban.com/subject/1293483/,长岛爱与死 Love and Death on Long Island,杰森·普雷斯利,7.7,1997
https://movie.douban.com/subject/1293483/,长岛爱与死 Love and Death on Long Island,Fiona Loewi,7.7,1997
https://movie.douban.com/subject/1293483/,长岛爱与死 Love and Death on Long Island,谢拉·汉考克,7.7,1997
https://movie.douban.com/subject/1293483/,长岛爱与死 Love and Death on Long Island,Harvey Atkin,7.7,1997
https://movie.douban.com/subject/1299547/,华丽的咏叹 Aria,泰莉莎·拉塞尔,7.6,1987
https://movie.douban.com/subject/1299547/,华丽的咏叹 Aria,巴可·亨利,7.6,1987
https://movie.douban.com/subject/1299547/,华丽的咏叹 Aria,比佛莉·德安姬罗,7.6,1987
https://movie.douban.com/subject/1299547/,华丽的咏叹 Aria,阿尔比·塞尔兹尼克,7.6,1987
https://movie.douban.com/subject/1299547/,华丽的咏叹 Aria,伊丽莎白·赫利,7.6,1987
https://movie.douban.com/subject/1299547/,华丽的咏叹 Aria,布里吉特·芳达,7.6,1987
https://movie.douban.com/subject/1299547/,华丽的咏叹 Aria,安德雷斯·魏斯涅夫斯基,7.6,1987
https://movie.douban.com/subject/1299547/,华丽的咏叹 Aria,蒂尔达·斯文顿,7.6,1987
https://movie.douban.com/subject/1299547/,华丽的咏叹 Aria,索菲娅·沃德,7.6,1987
https://movie.douban.com/subject/5265471/,唯爱永生 Only Lovers Left Alive,蒂尔达·斯文顿,7.5,2013
https://movie.douban.com/subject/5265471/,唯爱永生 Only Lovers Left Alive,汤姆·希德勒斯顿,7.5,2013
https://movie.douban.com/subject/5265471/,唯爱永生 Only Lovers Left Alive,安东·叶利钦,7.5,2013
https://movie.douban.com/subject/5265471/,唯爱永生 Only Lovers Left Alive,米娅·华希科沃斯卡,7.5,2013
https://movie.douban.com/subject/5265471/,唯爱永生 Only Lovers Left Alive,杰弗里·怀特,7.5,2013
https://movie.douban.com/subject/26378707/,炼金术师的信 The Alchemist's Letter,埃洛伊塞·韦伯,7.7,2015
https://movie.douban.com/subject/1760622/,香水 Perfume: The Story of a Murderer,本·卫肖,8.4,2006
https://movie.douban.com/subject/1760622/,香水 Perfume: The Story of a Murderer,艾伦·瑞克曼,8.4,2006
https://movie.douban.com/subject/1760622/,香水 Perfume: The Story of a Murderer,蕾切儿·哈伍德,8.4,2006
https://movie.douban.com/subject/1760622/,香水 Perfume: The Story of a Murderer,达斯汀·霍夫曼,8.4,2006
https://movie.douban.com/subject/1760622/,香水 Perfume: The Story of a Murderer,大卫·卡尔德,8.4,2006
https://movie.douban.com/subject/1760622/,香水 Perfume: The Story of a Murderer,比吉特·米尼希迈尔,8.4,2006
https://movie.douban.com/subject/1760622/,香水 Perfume: The Story of a Murderer,卡洛斯·格拉马赫,8.4,2006
https://movie.douban.com/subject/1760622/,香水 Perfume: The Story of a Murderer,西恩·托马斯,8.4,2006
https://movie.douban.com/subject/1760622/,香水 Perfume: The Story of a Murderer,佩里·米尔沃德,8.4,2006
https://movie.douban.com/subject/1760622/,香水 Perfume: The Story of a Murderer,山姆·道格拉斯,8.4,2006
https://movie.douban.com/subject/1760622/,香水 Perfume: The Story of a Murderer,卡洛琳·赫弗斯,8.4,2006
https://movie.douban.com/subject/1760622/,香水 Perfume: The Story of a Murderer,卡罗丽娜·维拉·斯克利亚,8.4,2006
https://movie.douban.com/subject/1760622/,香水 Perfume: The Story of a Murderer,莎拉·弗里斯蒂,8.4,2006
https://movie.douban.com/subject/1760622/,香水 Perfume: The Story of a Murderer,科琳娜·哈弗奇,8.4,2006
https://movie.douban.com/subject/1760622/,香水 Perfume: The Story of a Murderer,杰西卡·施瓦茨,8.4,2006
https://movie.douban.com/subject/3607877/,英国人在纽约 An Englishman in New York,丹尼斯·欧哈拉,8.3,2009
https://movie.douban.com/subject/3607877/,英国人在纽约 An Englishman in New York,乔纳森·塔克,8.3,2009
https://movie.douban.com/subject/3607877/,英国人在纽约 An Englishman in New York,辛西娅·尼克松,8.3,2009
https://movie.douban.com/subject/3607877/,英国人在纽约 An Englishman in New York,Swoosie Kurtz,8.3,2009
https://movie.douban.com/subject/1298759/,狗镇 Dogville,妮可·基德曼,8.4,2003
https://movie.douban.com/subject/1298759/,狗镇 Dogville,哈里特·安德森,8.4,2003
https://movie.douban.com/subject/1298759/,狗镇 Dogville,劳伦·白考尔,8.4,2003
https://movie.douban.com/subject/1298759/,狗镇 Dogville,保罗·贝坦尼,8.4,2003
https://movie.douban.com/subject/1298759/,狗镇 Dogville,詹姆斯·肯恩,8.4,2003
https://movie.douban.com/subject/1298759/,狗镇 Dogville,派翠西娅·克拉克森,8.4,2003
https://movie.douban.com/subject/1298759/,狗镇 Dogville,杰瑞米·戴维斯,8.4,2003
https://movie.douban.com/subject/1298759/,狗镇 Dogville,菲利普·贝克·霍尔,8.4,2003
https://movie.douban.com/subject/1298759/,狗镇 Dogville,汤姆·霍夫曼,8.4,2003
https://movie.douban.com/subject/1298759/,狗镇 Dogville,希博汗·法隆,8.4,2003
https://movie.douban.com/subject/1298759/,狗镇 Dogville,科洛·塞维尼,8.4,2003
https://movie.douban.com/subject/1298759/,狗镇 Dogville,斯特兰·斯卡斯加德,8.4,2003
https://movie.douban.com/subject/1296308/,田野 The Field,理查德·哈里斯,8.4,1990
https://movie.douban.com/subject/1296308/,田野 The Field,肖恩·宾,8.4,1990
https://movie.douban.com/subject/1296308/,田野 The Field,弗朗西斯·托姆利,8.4,1990
https://movie.douban.com/subject/1296308/,田野 The Field,布兰达·弗里克,8.4,1990
https://movie.douban.com/subject/1304274/,丑闻 Scandal,琼妮·威利,7.4,1989
https://movie.douban.com/subject/1304274/,丑闻 Scandal,布里吉特·芳达,7.4,1989
https://movie.douban.com/subject/1299593/,战地情人 Captain Corelli's Mandolin,尼古拉斯·凯奇,7.5,2001
https://movie.douban.com/subject/1299593/,战地情人 Captain Corelli's Mandolin,佩内洛普·克鲁兹,7.5,2001
https://movie.douban.com/subject/1299593/,战地情人 Captain Corelli's Mandolin,克里斯蒂安·贝尔,7.5,2001
https://movie.douban.com/subject/1299593/,战地情人 Captain Corelli's Mandolin,大卫·莫瑞瑟,7.5,2001
https://movie.douban.com/subject/1301849/,一九八四 Nineteen Eighty-Four,理查德·伯顿,7.6,1984
https://movie.douban.com/subject/1301849/,一九八四 Nineteen Eighty-Four,苏珊娜·汉密尔顿,7.6,1984
https://movie.douban.com/subject/1301849/,一九八四 Nineteen Eighty-Four,西里尔·库萨克,7.6,1984
https://movie.douban.com/subject/1301849/,一九八四 Nineteen Eighty-Four,格莱格·费什尔,7.6,1984
https://movie.douban.com/subject/1301849/,一九八四 Nineteen Eighty-Four,James Walker,7.6,1984
https://movie.douban.com/subject/1301849/,一九八四 Nineteen Eighty-Four,Andrew Wilde,7.6,1984
https://movie.douban.com/subject/1301849/,一九八四 Nineteen Eighty-Four,David Trevena,7.6,1984
https://movie.douban.com/subject/1301849/,一九八四 Nineteen Eighty-Four,David Cann,7.6,1984
https://movie.douban.com/subject/1301849/,一九八四 Nineteen Eighty-Four,Anthony Benson,7.6,1984
https://movie.douban.com/subject/1301849/,一九八四 Nineteen Eighty-Four,Peter Frye,7.6,1984
https://movie.douban.com/subject/1301849/,一九八四 Nineteen Eighty-Four,罗格·洛伊德-派克,7.6,1984
https://movie.douban.com/subject/1301849/,一九八四 Nineteen Eighty-Four,Rupert Baderman,7.6,1984
https://movie.douban.com/subject/1301849/,一九八四 Nineteen Eighty-Four,Corinna Seddon,7.6,1984
https://movie.douban.com/subject/1301849/,一九八四 Nineteen Eighty-Four,Martha Parsey,7.6,1984
https://movie.douban.com/subject/1301849/,一九八四 Nineteen Eighty-Four,Merelina Kendall,7.6,1984
https://movie.douban.com/subject/1301849/,一九八四 Nineteen Eighty-Four,Joscik Barbarossa,7.6,1984
https://movie.douban.com/subject/1301849/,一九八四 Nineteen Eighty-Four,John Boswall,7.6,1984
https://movie.douban.com/subject/1301849/,一九八四 Nineteen Eighty-Four,鲍勃·弗莱格,7.6,1984
https://movie.douban.com/subject/2334814/,纽约，我爱你 New York I Love You,海登·克里斯滕森,7.6,2009
https://movie.douban.com/subject/2334814/,纽约，我爱你 New York I Love You,娜塔莉·波特曼,7.6,2009
https://movie.douban.com/subject/2334814/,纽约，我爱你 New York I Love You,奥兰多·布鲁姆,7.6,2009
https://movie.douban.com/subject/2334814/,纽约，我爱你 New York I Love You,克里斯蒂娜·里奇,7.6,2009
https://movie.douban.com/subject/2334814/,纽约，我爱你 New York I Love You,李美琪,7.6,2009
https://movie.douban.com/subject/2334814/,纽约，我爱你 New York I Love You,伊桑·霍克,7.6,2009
https://movie.douban.com/subject/2334814/,纽约，我爱你 New York I Love You,克里斯·库珀,7.6,2009
https://movie.douban.com/subject/2334814/,纽约，我爱你 New York I Love You,罗宾·怀特,7.6,2009
https://movie.douban.com/subject/2334814/,纽约，我爱你 New York I Love You,安东·叶利钦,7.6,2009
https://movie.douban.com/subject/2334814/,纽约，我爱你 New York I Love You,奥莉薇·瑟尔比,7.6,2009
https://movie.douban.com/subject/2334814/,纽约，我爱你 New York I Love You,布莱德利·库珀,7.6,2009
https://movie.douban.com/subject/2334814/,纽约，我爱你 New York I Love You,德瑞·德·玛泰,7.6,2009
https://movie.douban.com/subject/2334814/,纽约，我爱你 New York I Love You,希亚·拉博夫,7.6,2009
https://movie.douban.com/subject/2334814/,纽约，我爱你 New York I Love You,朱莉·克里斯蒂,7.6,2009
https://movie.douban.com/subject/2334814/,纽约，我爱你 New York I Love You,泰勒·吉蕾,7.6,2009
https://movie.douban.com/subject/2334814/,纽约，我爱你 New York I Love You,舒淇,7.6,2009
https://movie.douban.com/subject/2334814/,纽约，我爱你 New York I Love You,乌吾尔·宇杰尔,7.6,2009
https://movie.douban.com/subject/2334814/,纽约，我爱你 New York I Love You,埃里·瓦拉赫,7.6,2009
https://movie.douban.com/subject/2334814/,纽约，我爱你 New York I Love You,克萝丽丝·利奇曼,7.6,2009
https://movie.douban.com/subject/2334814/,纽约，我爱你 New York I Love You,安迪·加西亚,7.6,2009
https://movie.douban.com/subject/2334814/,纽约，我爱你 New York I Love You,布蕾克·莱弗利,7.6,2009
https://movie.douban.com/subject/2334814/,纽约，我爱你 New York I Love You,伊尔凡·可汗,7.6,2009
https://movie.douban.com/subject/3071126/,选票风波 Recount,凯文·史派西,7.9,2008
https://movie.douban.com/subject/3071126/,选票风波 Recount,劳拉·邓恩,7.9,2008
https://movie.douban.com/subject/3071126/,选票风波 Recount,鲍勃·巴拉班,7.9,2008
https://movie.douban.com/subject/3071126/,选票风波 Recount,小艾德·博格里,7.9,2008
https://movie.douban.com/subject/3071126/,选票风波 Recount,丹尼斯·利瑞,7.9,2008
https://movie.douban.com/subject/3071126/,选票风波 Recount,布鲁斯·麦克吉尔,7.9,2008
https://movie.douban.com/subject/3071126/,选票风波 Recount,汤姆·威尔金森,7.9,2008
https://movie.douban.com/subject/3071126/,选票风波 Recount,布鲁斯·奥尔特曼,7.9,2008
https://movie.douban.com/subject/3338851/,锅匠，裁缝，士兵，间谍 Tinker Tailor Soldier Spy,加里·奥德曼,7.9,2011
https://movie.douban.com/subject/3338851/,锅匠，裁缝，士兵，间谍 Tinker Tailor Soldier Spy,科林·费尔斯,7.9,2011
https://movie.douban.com/subject/3338851/,锅匠，裁缝，士兵，间谍 Tinker Tailor Soldier Spy,汤姆·哈迪,7.9,2011
https://movie.douban.com/subject/3338851/,锅匠，裁缝，士兵，间谍 Tinker Tailor Soldier Spy,托比·琼斯,7.9,2011
https://movie.douban.com/subject/3338851/,锅匠，裁缝，士兵，间谍 Tinker Tailor Soldier Spy,马克·斯特朗,7.9,2011
https://movie.douban.com/subject/3338851/,锅匠，裁缝，士兵，间谍 Tinker Tailor Soldier Spy,本尼迪克特·康伯巴奇,7.9,2011
https://movie.douban.com/subject/3338851/,锅匠，裁缝，士兵，间谍 Tinker Tailor Soldier Spy,塞伦·希德,7.9,2011
https://movie.douban.com/subject/3338851/,锅匠，裁缝，士兵，间谍 Tinker Tailor Soldier Spy,大卫·丹席克,7.9,2011
https://movie.douban.com/subject/26729194/,那般良夜 That Good Night,查尔斯·丹斯,8.2,2017
https://movie.douban.com/subject/26729194/,那般良夜 That Good Night,艾琳·理查兹,8.2,2017
https://movie.douban.com/subject/26729194/,那般良夜 That Good Night,索菲亚·海林,8.2,2017
https://movie.douban.com/subject/26729194/,那般良夜 That Good Night,马克斯·布朗,8.2,2017
https://movie.douban.com/subject/26729194/,那般良夜 That Good Night,索妮塔·亨利,8.2,2017
https://movie.douban.com/subject/26729194/,那般良夜 That Good Night,诺亚·尤佩,8.2,2017
https://movie.douban.com/subject/26729194/,那般良夜 That Good Night,Salvador Nery,8.2,2017
https://movie.douban.com/subject/26729194/,那般良夜 That Good Night,Tiago Aldeia,8.2,2017
https://movie.douban.com/subject/1758439/,杀戮禁区 Beyond the Gates,休·丹西,8.1,2005
https://movie.douban.com/subject/1758439/,杀戮禁区 Beyond the Gates,多米尼克·霍卫兹,8.1,2005
https://movie.douban.com/subject/1758439/,杀戮禁区 Beyond the Gates,Louis Mahoney,8.1,2005
https://movie.douban.com/subject/1422940/,狮路历程 Pride,肖恩·宾,8.1,2004
https://movie.douban.com/subject/1422940/,狮路历程 Pride,吉姆·布劳德本特,8.1,2004
https://movie.douban.com/subject/1422940/,狮路历程 Pride,海伦·米伦,8.1,2004
https://movie.douban.com/subject/1422940/,狮路历程 Pride,凯特·温丝莱特,8.1,2004
https://movie.douban.com/subject/1422940/,狮路历程 Pride,马丁·弗瑞曼,8.1,2004
https://movie.douban.com/subject/1295647/,超时空接触 Contact,朱迪·福斯特,8.3,1997
https://movie.douban.com/subject/1295647/,超时空接触 Contact,马修·麦康纳,8.3,1997
https://movie.douban.com/subject/1295647/,超时空接触 Contact,吉娜·马隆,8.3,1997
https://movie.douban.com/subject/1295647/,超时空接触 Contact,大卫·摩斯,8.3,1997
https://movie.douban.com/subject/1295647/,超时空接触 Contact,威廉·菲德内尔,8.3,1997
https://movie.douban.com/subject/1295647/,超时空接触 Contact,杰弗里·布莱克,8.3,1997
https://movie.douban.com/subject/1295647/,超时空接触 Contact,安吉拉·贝塞特,8.3,1997
https://movie.douban.com/subject/1295647/,超时空接触 Contact,詹姆斯·伍兹,8.3,1997
https://movie.douban.com/subject/3257894/,第21课 Lezione 21,诺亚·泰勒,8.8,2008
https://movie.douban.com/subject/3257894/,第21课 Lezione 21,蕾欧诺·瓦特林,8.8,2008
https://movie.douban.com/subject/10543907/,亨利五世 Henry V,汤姆·希德勒斯顿,8.8,2012
https://movie.douban.com/subject/10543907/,亨利五世 Henry V,朱丽·沃特斯,8.8,2012
https://movie.douban.com/subject/10543907/,亨利五世 Henry V,理查德·格雷弗斯,8.8,2012
https://movie.douban.com/subject/10543907/,亨利五世 Henry V,梅兰尼·蒂埃里,8.8,2012
https://movie.douban.com/subject/10543907/,亨利五世 Henry V,朗贝尔·维尔森,8.8,2012
https://movie.douban.com/subject/10543907/,亨利五世 Henry V,佩特逊·约瑟夫,8.8,2012
https://movie.douban.com/subject/10543907/,亨利五世 Henry V,杰拉丁·卓别林,8.8,2012
https://movie.douban.com/subject/1295905/,天堂之门 Heaven's Gate,克里斯·克里斯托佛森,7.3,1980
https://movie.douban.com/subject/1295905/,天堂之门 Heaven's Gate,克里斯托弗·沃肯,7.3,1980
https://movie.douban.com/subject/1295905/,天堂之门 Heaven's Gate,伊莎贝尔·于佩尔,7.3,1980
https://movie.douban.com/subject/1295905/,天堂之门 Heaven's Gate,萨姆·沃特森,7.3,1980
https://movie.douban.com/subject/1295905/,天堂之门 Heaven's Gate,布拉德·道里夫,7.3,1980
https://movie.douban.com/subject/1295905/,天堂之门 Heaven's Gate,杰夫·布里吉斯,7.3,1980
https://movie.douban.com/subject/1295905/,天堂之门 Heaven's Gate,约瑟夫·科顿,7.3,1980
https://movie.douban.com/subject/1295905/,天堂之门 Heaven's Gate,米基·洛克,7.3,1980
https://movie.douban.com/subject/1295905/,天堂之门 Heaven's Gate,威廉·达福,7.3,1980
https://movie.douban.com/subject/1485423/,广岛 BBC: Hiroshima,Noboru Akima,8.5,2005
https://movie.douban.com/subject/1301607/,蓝调牛仔妹 Even Cowgirls Get the Blues,乌玛·瑟曼,5.7,1993
https://movie.douban.com/subject/1301607/,蓝调牛仔妹 Even Cowgirls Get the Blues,基努·里维斯,5.7,1993
https://movie.douban.com/subject/1485411/,关键协议 The Proposition,雷·温斯顿,7.0,2005
https://movie.douban.com/subject/1485411/,关键协议 The Proposition,盖·皮尔斯,7.0,2005
https://movie.douban.com/subject/1485411/,关键协议 The Proposition,艾米丽·沃森,7.0,2005
https://movie.douban.com/subject/1485411/,关键协议 The Proposition,丹尼·赫斯顿,7.0,2005
https://movie.douban.com/subject/1485411/,关键协议 The Proposition,理查德·威尔逊,7.0,2005
https://movie.douban.com/subject/1485411/,关键协议 The Proposition,大卫·文翰,7.0,2005
https://movie.douban.com/subject/4086853/,忧郁症 Melancholia,克斯汀·邓斯特,6.9,2011
https://movie.douban.com/subject/4086853/,忧郁症 Melancholia,夏洛特·甘斯布,6.9,2011
https://movie.douban.com/subject/4086853/,忧郁症 Melancholia,基弗·萨瑟兰,6.9,2011
https://movie.douban.com/subject/4086853/,忧郁症 Melancholia,夏洛特·兰普林,6.9,2011
https://movie.douban.com/subject/4086853/,忧郁症 Melancholia,亚历山大·斯卡斯加德,6.9,2011
https://movie.douban.com/subject/4086853/,忧郁症 Melancholia,斯特兰·斯卡斯加德,6.9,2011
https://movie.douban.com/subject/4086853/,忧郁症 Melancholia,布拉迪·科贝特,6.9,2011
https://movie.douban.com/subject/4086853/,忧郁症 Melancholia,乌多·基尔,6.9,2011
https://movie.douban.com/subject/4086853/,忧郁症 Melancholia,加斯帕·克里斯滕森,6.9,2011
https://movie.douban.com/subject/4086853/,忧郁症 Melancholia,Cameron Spurr,6.9,2011
https://movie.douban.com/subject/2160145/,科幻大师 Masters Of Science Fiction,史蒂芬·霍金,7.6,2007
https://movie.douban.com/subject/2160145/,科幻大师 Masters Of Science Fiction,朱迪·戴维斯,7.6,2007
https://movie.douban.com/subject/2160145/,科幻大师 Masters Of Science Fiction,布莱恩·丹内利,7.6,2007
https://movie.douban.com/subject/2160145/,科幻大师 Masters Of Science Fiction,詹姆斯·丹顿,7.6,2007
https://movie.douban.com/subject/2160145/,科幻大师 Masters Of Science Fiction,伊丽莎白·霍尔姆,7.6,2007
https://movie.douban.com/subject/2160145/,科幻大师 Masters Of Science Fiction,金伯莉·伊丽丝,7.6,2007
https://movie.douban.com/subject/2160145/,科幻大师 Masters Of Science Fiction,安·海切 Anne Heche,7.6,2007
https://movie.douban.com/subject/2160145/,科幻大师 Masters Of Science Fiction,马尔科姆·麦克道威尔,7.6,2007
https://movie.douban.com/subject/2160145/,科幻大师 Masters Of Science Fiction,小克利夫顿·克林斯,7.6,2007
https://movie.douban.com/subject/2160145/,科幻大师 Masters Of Science Fiction,西恩·奥斯汀,7.6,2007
https://movie.douban.com/subject/2160145/,科幻大师 Masters Of Science Fiction,詹姆斯·克伦威尔,7.6,2007
https://movie.douban.com/subject/2160145/,科幻大师 Masters Of Science Fiction,萨姆·沃特森,7.6,2007
https://movie.douban.com/subject/3026633/,梅林传奇 第一季 Merlin Season 1,科林·摩根,7.8,2008
https://movie.douban.com/subject/3026633/,梅林传奇 第一季 Merlin Season 1,布莱德利·詹姆斯,7.8,2008
https://movie.douban.com/subject/3026633/,梅林传奇 第一季 Merlin Season 1,凯蒂·麦克格雷斯,7.8,2008
https://movie.douban.com/subject/3026633/,梅林传奇 第一季 Merlin Season 1,安琪儿·库碧,7.8,2008
https://movie.douban.com/subject/3026633/,梅林传奇 第一季 Merlin Season 1,理查德·威尔逊,7.8,2008
https://movie.douban.com/subject/3026633/,梅林传奇 第一季 Merlin Season 1,安东尼·海德,7.8,2008
https://movie.douban.com/subject/3026633/,梅林传奇 第一季 Merlin Season 1,鲁伯特·杨,7.8,2008
https://movie.douban.com/subject/3026633/,梅林传奇 第一季 Merlin Season 1,欧文·马肯,7.8,2008
https://movie.douban.com/subject/1300868/,异形 Alien,西格妮·韦弗,8.0,1979
https://movie.douban.com/subject/1300868/,异形 Alien,汤姆·斯凯里特,8.0,1979
https://movie.douban.com/subject/1300868/,异形 Alien,维罗尼卡·卡维特,8.0,1979
https://movie.douban.com/subject/1300868/,异形 Alien,哈利·戴恩·斯坦通,8.0,1979
https://movie.douban.com/subject/1300868/,异形 Alien,伊安·霍姆,8.0,1979
https://movie.douban.com/subject/1300868/,异形 Alien,亚非特·科托,8.0,1979
https://movie.douban.com/subject/1300868/,异形 Alien,博拉吉·巴迪乔,8.0,1979
https://movie.douban.com/subject/1300868/,异形 Alien,海伦·霍顿,8.0,1979
https://movie.douban.com/subject/23338330/,博士之日 The Day Of The Doctor,大卫·田纳特,8.7,2013
https://movie.douban.com/subject/23338330/,博士之日 The Day Of The Doctor,珍娜·科尔曼,8.7,2013
https://movie.douban.com/subject/23338330/,博士之日 The Day Of The Doctor,马特·史密斯,8.7,2013
https://movie.douban.com/subject/23338330/,博士之日 The Day Of The Doctor,比莉·派佩,8.7,2013
https://movie.douban.com/subject/2299659/,控制的极限 The Limits of Control,伊萨赫·德·班克尔,6.8,2009
https://movie.douban.com/subject/2299659/,控制的极限 The Limits of Control,阿莱克斯·德斯卡,6.8,2009
https://movie.douban.com/subject/2299659/,控制的极限 The Limits of Control,让-弗朗索瓦·斯泰弗南,6.8,2009
https://movie.douban.com/subject/2299659/,控制的极限 The Limits of Control,奥斯卡·贾恩那达,6.8,2009
https://movie.douban.com/subject/2299659/,控制的极限 The Limits of Control,路易斯·托萨尔,6.8,2009
https://movie.douban.com/subject/2299659/,控制的极限 The Limits of Control,帕兹·德拉维尔塔,6.8,2009
https://movie.douban.com/subject/2299659/,控制的极限 The Limits of Control,蒂尔达·斯文顿,6.8,2009
https://movie.douban.com/subject/2299659/,控制的极限 The Limits of Control,工藤夕贵,6.8,2009
https://movie.douban.com/subject/2299659/,控制的极限 The Limits of Control,盖尔·加西亚·贝纳尔,6.8,2009
https://movie.douban.com/subject/2299659/,控制的极限 The Limits of Control,西娅姆·阿巴斯,6.8,2009
https://movie.douban.com/subject/2299659/,控制的极限 The Limits of Control,比尔·默瑞,6.8,2009
https://movie.douban.com/subject/2299659/,控制的极限 The Limits of Control,赫克特·科洛梅,6.8,2009
https://movie.douban.com/subject/2299659/,控制的极限 The Limits of Control,玛丽亚·伊萨西,6.8,2009
https://movie.douban.com/subject/2299659/,控制的极限 The Limits of Control,Norma Yessenia Paladines,6.8,2009
https://movie.douban.com/subject/1950192/,深度谜案 The Oxford Murders,伊利亚·伍德,6.7,2008
https://movie.douban.com/subject/1950192/,深度谜案 The Oxford Murders,蕾欧诺·瓦特林,6.7,2008
https://movie.douban.com/subject/1950192/,深度谜案 The Oxford Murders,朱莉·考科斯,6.7,2008
https://movie.douban.com/subject/1950192/,深度谜案 The Oxford Murders,吉姆·卡特,6.7,2008
https://movie.douban.com/subject/1950192/,深度谜案 The Oxford Murders,亚力克斯·考克斯,6.7,2008
https://movie.douban.com/subject/1950192/,深度谜案 The Oxford Murders,伯恩·戈曼,6.7,2008
https://movie.douban.com/subject/1950192/,深度谜案 The Oxford Murders,多米尼克·皮侬,6.7,2008
https://movie.douban.com/subject/1950192/,深度谜案 The Oxford Murders,安娜·玛西,6.7,2008
https://movie.douban.com/subject/1950192/,深度谜案 The Oxford Murders,丹尼·萨帕尼,6.7,2008
https://movie.douban.com/subject/1950192/,深度谜案 The Oxford Murders,艾伦·戴维,6.7,2008
https://movie.douban.com/subject/1950192/,深度谜案 The Oxford Murders,Tim Wallers,6.7,2008
https://movie.douban.com/subject/1950192/,深度谜案 The Oxford Murders,James Weber Brown,6.7,2008
https://movie.douban.com/subject/1950192/,深度谜案 The Oxford Murders,Ian East,6.7,2008
https://movie.douban.com/subject/1950192/,深度谜案 The Oxford Murders,Charlotte Asprey,6.7,2008
https://movie.douban.com/subject/1418752/,万能钥匙 The Skeleton Key,凯特·哈德森,7.8,2005
https://movie.douban.com/subject/1418752/,万能钥匙 The Skeleton Key,吉娜·罗兰兹,7.8,2005
https://movie.douban.com/subject/1418752/,万能钥匙 The Skeleton Key,彼得·萨斯加德,7.8,2005
https://movie.douban.com/subject/1418752/,万能钥匙 The Skeleton Key,乔伊·布赖恩特,7.8,2005
https://movie.douban.com/subject/1418752/,万能钥匙 The Skeleton Key,麦克辛·巴内特,7.8,2005
https://movie.douban.com/subject/1418752/,万能钥匙 The Skeleton Key,法隆尼·R·哈里斯,7.8,2005
https://movie.douban.com/subject/1418752/,万能钥匙 The Skeleton Key,马龙·泽瑟,7.8,2005
https://movie.douban.com/subject/1418752/,万能钥匙 The Skeleton Key,安·达芮普,7.8,2005
https://movie.douban.com/subject/1418752/,万能钥匙 The Skeleton Key,迪内·泰勒,7.8,2005
https://movie.douban.com/subject/1418752/,万能钥匙 The Skeleton Key,楚拉·M·马库斯,7.8,2005
https://movie.douban.com/subject/1418752/,万能钥匙 The Skeleton Key,松雅·斯塔森,7.8,2005
https://movie.douban.com/subject/1418752/,万能钥匙 The Skeleton Key,托马斯·尤斯卡利,7.8,2005
https://movie.douban.com/subject/1418752/,万能钥匙 The Skeleton Key,Jen Apgar,7.8,2005
https://movie.douban.com/subject/1418752/,万能钥匙 The Skeleton Key,弗里斯特·兰蒂斯,7.8,2005
https://movie.douban.com/subject/1296367/,驱魔人 Lost Souls,薇诺娜·瑞德,5.6,2000
https://movie.douban.com/subject/1296367/,驱魔人 Lost Souls,本·卓别林,5.6,2000
https://movie.douban.com/subject/1296367/,驱魔人 Lost Souls,莎拉·温特,5.6,2000
https://movie.douban.com/subject/1296367/,驱魔人 Lost Souls,菲利普·贝克·霍尔,5.6,2000
https://movie.douban.com/subject/1296367/,驱魔人 Lost Souls,伊莱亚斯·科泰斯,5.6,2000
https://movie.douban.com/subject/1296367/,驱魔人 Lost Souls,Brian Reddy,5.6,2000
https://movie.douban.com/subject/1296367/,驱魔人 Lost Souls,约翰·比斯利,5.6,2000
https://movie.douban.com/subject/1296367/,驱魔人 Lost Souls,约翰·迪尔,5.6,2000
https://movie.douban.com/subject/1296367/,驱魔人 Lost Souls,Paul Kleiman,5.6,2000
https://movie.douban.com/subject/1296367/,驱魔人 Lost Souls,鲍勃·克莱德宁,5.6,2000
https://movie.douban.com/subject/1296367/,驱魔人 Lost Souls,奥利弗·克拉克,5.6,2000
https://movie.douban.com/subject/1296367/,驱魔人 Lost Souls,迈克尔·曼特尔,5.6,2000
https://movie.douban.com/subject/1296367/,驱魔人 Lost Souls,布拉德·格林奎斯特,5.6,2000
https://movie.douban.com/subject/1296367/,驱魔人 Lost Souls,罗明,5.6,2000
https://movie.douban.com/subject/1420008/,银行经理 Owning Mahowny,菲利普·塞默·霍夫曼,6.8,2003
https://movie.douban.com/subject/1420008/,银行经理 Owning Mahowny,明妮·德里弗,6.8,2003
https://movie.douban.com/subject/1420008/,银行经理 Owning Mahowny,莫里·柴金,6.8,2003
https://movie.douban.com/subject/1547127/,打击惊魂 The Hit,特伦斯·斯坦普,7.3,1984
https://movie.douban.com/subject/1547127/,打击惊魂 The Hit,蒂姆·罗斯,7.3,1984
https://movie.douban.com/subject/1547127/,打击惊魂 The Hit,劳拉·德尔·索尔,7.3,1984
https://movie.douban.com/subject/1547127/,打击惊魂 The Hit,吉姆·布劳德本特,7.3,1984
https://movie.douban.com/subject/3075909/,布赖顿硬糖 Brighton Rock,萨姆·赖利,6.5,2010
https://movie.douban.com/subject/3075909/,布赖顿硬糖 Brighton Rock,安德丽亚·瑞斯波罗格,6.5,2010
https://movie.douban.com/subject/3075909/,布赖顿硬糖 Brighton Rock,海伦·米伦,6.5,2010
https://movie.douban.com/subject/3075909/,布赖顿硬糖 Brighton Rock,菲尔·戴维斯,6.5,2010
https://movie.douban.com/subject/3075909/,布赖顿硬糖 Brighton Rock,侬索·阿诺斯,6.5,2010
https://movie.douban.com/subject/3075909/,布赖顿硬糖 Brighton Rock,克雷格·帕金森,6.5,2010
https://movie.douban.com/subject/3075909/,布赖顿硬糖 Brighton Rock,安迪·瑟金斯,6.5,2010
https://movie.douban.com/subject/3075909/,布赖顿硬糖 Brighton Rock,西恩·哈里斯,6.5,2010
https://movie.douban.com/subject/3075909/,布赖顿硬糖 Brighton Rock,杰夫·贝尔,6.5,2010
https://movie.douban.com/subject/3075909/,布赖顿硬糖 Brighton Rock,史蒂文·罗伯特森,6.5,2010
https://movie.douban.com/subject/3075909/,布赖顿硬糖 Brighton Rock,莫里斯·洛维斯,6.5,2010
https://movie.douban.com/subject/3075909/,布赖顿硬糖 Brighton Rock,斯蒂夫·艾弗茨,6.5,2010
https://movie.douban.com/subject/3075909/,布赖顿硬糖 Brighton Rock,Francis Magee,6.5,2010
https://movie.douban.com/subject/3075909/,布赖顿硬糖 Brighton Rock,Adrian Schiller,6.5,2010
https://movie.douban.com/subject/2332462/,44英寸的胸围 44 Inch Chest,雷·温斯顿,6.7,2009
https://movie.douban.com/subject/2332462/,44英寸的胸围 44 Inch Chest,伊恩·麦柯肖恩,6.7,2009
https://movie.douban.com/subject/2332462/,44英寸的胸围 44 Inch Chest,汤姆·威尔金森,6.7,2009
https://movie.douban.com/subject/2332462/,44英寸的胸围 44 Inch Chest,琼妮·威利,6.7,2009
https://movie.douban.com/subject/2332462/,44英寸的胸围 44 Inch Chest,斯蒂芬·迪兰,6.7,2009
https://movie.douban.com/subject/1295377/,死神的呼唤 The Shout,阿兰·贝茨,7.1,1978
https://movie.douban.com/subject/1295377/,死神的呼唤 The Shout,蒂姆·克里,7.1,1978
